Timestamp,Event,Duration(ms)
1725866485513,AnchorCreation,1
1725866485518,AnchorCreation,0
1725866485559,AnchorCreation,0
1725866485594,AnchorCreation,0
1725866485612,AnchorCreation,0
1725866485638,AnchorCreation,0
1725866485669,AnchorCreation,0
1725866485703,AnchorCreation,0
1725866485736,AnchorCreation,0
1725866485769,AnchorCreation,0
1725866485803,AnchorCreation,0
1725866485835,AnchorCreation,0
1725866485868,AnchorCreation,0
1725866485901,AnchorCreation,0
1725866485936,AnchorCreation,0
1725866485969,AnchorCreation,0
1725866486002,AnchorCreation,0
1725866486034,AnchorCreation,0
1725866486067,AnchorCreation,0
1725866486104,AnchorCreation,0
1725866486135,AnchorCreation,0
1725866486166,AnchorCreation,0
1725866486199,AnchorCreation,0
1725866486235,AnchorCreation,0
1725866486267,AnchorCreation,0
1725866486301,AnchorCreation,0
1725866486333,AnchorCreation,0
1725866486368,AnchorCreation,0
1725866486400,AnchorCreation,0
1725866486434,AnchorCreation,0
1725866486470,AnchorCreation,0
1725866486500,AnchorCreation,0
1725866486533,AnchorCreation,0
1725866486566,AnchorCreation,0
1725866486600,AnchorCreation,0
1725866486634,AnchorCreation,0
1725866486668,AnchorCreation,0
1725866486700,AnchorCreation,0
1725866486733,AnchorCreation,0
1725866486767,AnchorCreation,0
1725866486800,AnchorCreation,0
1725866486834,AnchorCreation,0
1725866486867,AnchorCreation,0
1725866486899,AnchorCreation,0
1725866486933,AnchorCreation,0
1725866486968,AnchorCreation,0
1725866486999,AnchorCreation,0
1725866487033,AnchorCreation,0
1725866487067,AnchorCreation,0
1725866487099,AnchorCreation,0
1725866487133,AnchorCreation,0
1725866487166,AnchorCreation,0
1725866487198,AnchorCreation,0
1725866487232,AnchorCreation,0
1725866487266,AnchorCreation,0
1725866487299,AnchorCreation,0
1725866487332,AnchorCreation,0
1725866487366,AnchorCreation,0
1725866487397,AnchorCreation,0
1725866487430,AnchorCreation,0
1725866487473,AnchorCreation,0
1725866487501,AnchorCreation,0
1725866487536,AnchorCreation,0
1725866487565,AnchorCreation,0
1725866487597,AnchorCreation,0
1725866487630,AnchorCreation,0
1725866487665,AnchorCreation,0
1725866487697,AnchorCreation,0
1725866487730,AnchorCreation,0
1725866487766,AnchorCreation,0
1725866487798,AnchorCreation,0
1725866487836,AnchorCreation,0
1725866487866,AnchorCreation,0
1725866487897,AnchorCreation,0
1725866487930,AnchorCreation,0
1725866487966,AnchorCreation,0
1725866487996,AnchorCreation,0
1725866488032,AnchorCreation,0
1725866488064,AnchorCreation,0
1725866488097,AnchorCreation,0
1725866488131,AnchorCreation,0
1725866488163,AnchorCreation,0
1725866488198,AnchorCreation,0
1725866488230,AnchorCreation,0
1725866488264,AnchorCreation,0
1725866488297,AnchorCreation,0
1725866488333,AnchorCreation,0
1725866488363,AnchorCreation,0
1725866488397,AnchorCreation,0
1725866488429,AnchorCreation,0
1725866488466,AnchorCreation,0
1725866488496,AnchorCreation,0
1725866488529,AnchorCreation,0
1725866488563,AnchorCreation,0
1725866488597,AnchorCreation,1
1725866488628,AnchorCreation,0
1725866488664,AnchorCreation,0
1725866488697,AnchorCreation,0
1725866488731,AnchorCreation,0
1725866488762,AnchorCreation,0
1725866488796,AnchorCreation,0
1725866488828,AnchorCreation,0
1725866488863,AnchorCreation,0
1725866488896,AnchorCreation,0
1725866488927,AnchorCreation,0
1725866488964,AnchorCreation,0
1725866488995,AnchorCreation,0
1725866489029,AnchorCreation,0
1725866489062,AnchorCreation,0
1725866489098,AnchorCreation,1
1725866489131,AnchorCreation,0
1725866489162,AnchorCreation,0
1725866489196,AnchorCreation,0
1725866489229,AnchorCreation,0
1725866489262,AnchorCreation,0
1725866489296,AnchorCreation,0
1725866489329,AnchorCreation,0
1725866489362,AnchorCreation,0
1725866489395,AnchorCreation,0
1725866489429,AnchorCreation,0
1725866489463,AnchorCreation,0
1725866489496,AnchorCreation,0
1725866489528,AnchorCreation,0
1725866489560,AnchorCreation,0
1725866489596,AnchorCreation,0
1725866489629,AnchorCreation,0
1725866489661,AnchorCreation,0
1725866489695,AnchorCreation,0
1725866489728,AnchorCreation,0
1725866489762,AnchorCreation,0
1725866489792,AnchorCreation,0
1725866489827,AnchorCreation,0
1725866489860,AnchorCreation,0
1725866489894,AnchorCreation,1
1725866489930,AnchorCreation,0
1725866489966,AnchorCreation,0
1725866489998,AnchorCreation,0
1725866490026,AnchorCreation,0
1725866490060,AnchorCreation,0
1725866490094,AnchorCreation,0
1725866490129,AnchorCreation,0
1725866490159,AnchorCreation,0
1725866490193,AnchorCreation,0
1725866490228,AnchorCreation,0
1725866490259,AnchorCreation,0
1725866490293,AnchorCreation,0
1725866490327,AnchorCreation,0
1725866490359,AnchorCreation,0
1725866490393,AnchorCreation,0
1725866490426,AnchorCreation,1
1725866490463,AnchorCreation,0
1725866490494,AnchorCreation,1
1725866490525,AnchorCreation,0
1725866490560,AnchorCreation,0
1725866490596,AnchorCreation,0
1725866490626,AnchorCreation,0
1725866490659,AnchorCreation,0
1725866490695,AnchorCreation,0
1725866490725,AnchorCreation,0
1725866490758,AnchorCreation,0
1725866490791,AnchorCreation,0
1725866490827,AnchorCreation,0
1725866490865,AnchorCreation,0
1725866490892,AnchorCreation,0
1725866490927,AnchorCreation,0
1725866490969,AnchorCreation,1
1725866491001,AnchorCreation,0
1725866491028,AnchorCreation,0
1725866491076,AnchorCreation,1
1725866491098,AnchorCreation,0
1725866491126,AnchorCreation,0
1725866491162,AnchorCreation,0
1725866491192,AnchorCreation,0
1725866491226,AnchorCreation,0
1725866491259,AnchorCreation,0
1725866491292,AnchorCreation,1
1725866491326,AnchorCreation,0
1725866491360,AnchorCreation,0
1725866491392,AnchorCreation,0
1725866491424,AnchorCreation,0
1725866491461,AnchorCreation,0
1725866491490,AnchorCreation,0
1725866491524,AnchorCreation,0
1725866491557,AnchorCreation,1
1725866491589,AnchorCreation,0
1725866491624,AnchorCreation,1
1725866491657,AnchorCreation,1
1725866491690,AnchorCreation,0
1725866491724,AnchorCreation,0
1725866491757,AnchorCreation,0
1725866491789,AnchorCreation,0
1725866491824,AnchorCreation,0
1725866491857,AnchorCreation,0
1725866491890,AnchorCreation,0
1725866491930,AnchorCreation,0
1725866491959,AnchorCreation,0
1725866491991,AnchorCreation,0
1725866492023,AnchorCreation,0
1725866492057,AnchorCreation,0
1725866492090,AnchorCreation,0
1725866492123,AnchorCreation,0
1725866492158,AnchorCreation,0
1725866492189,AnchorCreation,0
1725866492226,AnchorCreation,0
1725866492259,AnchorCreation,0
1725866492290,AnchorCreation,0
1725866492323,AnchorCreation,0
1725866492356,AnchorCreation,0
1725866492388,AnchorCreation,0
1725866492423,AnchorCreation,0
1725866492460,AnchorCreation,0
1725866492492,AnchorCreation,0
1725866492522,AnchorCreation,0
1725866492555,AnchorCreation,0
1725866492589,AnchorCreation,1
1725866492623,AnchorCreation,0
1725866492656,AnchorCreation,0
1725866492687,AnchorCreation,0
1725866492722,AnchorCreation,0
1725866492755,AnchorCreation,1
1725866492789,AnchorCreation,0
1725866492827,AnchorCreation,0
1725866492854,AnchorCreation,0
1725866492888,AnchorCreation,0
1725866492922,AnchorCreation,0
1725866492957,AnchorCreation,0
1725866493000,AnchorCreation,1
1725866493032,AnchorCreation,0
1725866493055,AnchorCreation,0
1725866493088,AnchorCreation,0
1725866493120,AnchorCreation,0
1725866493152,AnchorCreation,0
1725866493189,AnchorCreation,0
1725866493222,AnchorCreation,0
1725866493256,AnchorCreation,0
1725866493287,AnchorCreation,0
1725866493323,AnchorCreation,1
1725866493354,AnchorCreation,0
1725866493388,AnchorCreation,0
1725866493421,AnchorCreation,0
1725866493460,AnchorCreation,1
1725866493487,AnchorCreation,0
1725866493520,AnchorCreation,0
1725866493555,AnchorCreation,0
1725866493588,AnchorCreation,0
1725866493619,AnchorCreation,0
1725866493653,AnchorCreation,0
1725866493687,AnchorCreation,0
1725866493722,AnchorCreation,0
1725866493754,AnchorCreation,0
1725866493787,AnchorCreation,0
1725866493819,AnchorCreation,0
1725866493853,AnchorCreation,0
1725866493887,AnchorCreation,0
1725866493918,AnchorCreation,0
1725866493955,AnchorCreation,0
1725866493987,AnchorCreation,0
1725866494019,AnchorCreation,0
1725866494054,AnchorCreation,0
1725866494088,AnchorCreation,0
1725866494118,AnchorCreation,0
1725866494151,AnchorCreation,1
1725866494186,AnchorCreation,0
1725866494217,AnchorCreation,0
1725866494251,AnchorCreation,0
1725866494286,AnchorCreation,0
1725866494320,AnchorCreation,0
1725866494353,AnchorCreation,0
1725866494386,AnchorCreation,0
1725866494419,AnchorCreation,0
1725866494459,AnchorCreation,0
1725866494487,AnchorCreation,0
1725866494518,AnchorCreation,1
1725866494551,AnchorCreation,0
1725866494585,AnchorCreation,0
1725866494617,AnchorCreation,0
1725866494651,AnchorCreation,0
1725866494685,AnchorCreation,0
1725866494718,AnchorCreation,0
1725866494750,AnchorCreation,0
1725866494785,AnchorCreation,0
1725866494819,AnchorCreation,0
1725866494852,AnchorCreation,0
1725866494885,AnchorCreation,0
1725866494918,AnchorCreation,0
1725866494950,AnchorCreation,0
1725866494986,AnchorCreation,0
1725866495017,AnchorCreation,1
1725866495051,AnchorCreation,0
1725866495084,AnchorCreation,0
1725866495118,AnchorCreation,0
1725866495149,AnchorCreation,1
1725866495183,AnchorCreation,0
1725866495218,AnchorCreation,0
1725866495250,AnchorCreation,0
1725866495285,AnchorCreation,0
1725866495318,AnchorCreation,0
1725866495349,AnchorCreation,1
1725866495383,AnchorCreation,0
1725866495418,AnchorCreation,0
1725866495452,AnchorCreation,0
1725866495486,AnchorCreation,0
1725866495519,AnchorCreation,0
1725866495551,AnchorCreation,0
1725866495584,AnchorCreation,0
1725866495616,AnchorCreation,0
1725866495651,AnchorCreation,1
1725866495685,AnchorCreation,0
1725866495717,AnchorCreation,0
1725866495750,AnchorCreation,0
1725866495782,AnchorCreation,0
1725866495819,AnchorCreation,1
1725866495850,AnchorCreation,0
1725866495883,AnchorCreation,0
1725866495916,AnchorCreation,0
1725866495950,AnchorCreation,0
1725866495984,AnchorCreation,0
1725866496015,AnchorCreation,0
1725866496050,AnchorCreation,1
1725866496083,AnchorCreation,0
1725866496116,AnchorCreation,0
1725866496149,AnchorCreation,1
1725866496181,AnchorCreation,0
1725866496217,AnchorCreation,0
1725866496248,AnchorCreation,1
1725866496281,AnchorCreation,0
1725866496315,AnchorCreation,0
1725866496349,AnchorCreation,0
1725866496382,AnchorCreation,0
1725866496415,AnchorCreation,1
1725866496448,AnchorCreation,0
1725866496482,AnchorCreation,0
1725866496515,AnchorCreation,0
1725866496549,AnchorCreation,0
1725866496582,AnchorCreation,0
1725866496616,AnchorCreation,0
1725866496649,AnchorCreation,0
1725866496680,AnchorCreation,0
1725866496714,AnchorCreation,0
1725866496748,AnchorCreation,0
1725866496780,AnchorCreation,0
1725866496815,AnchorCreation,0
1725866496847,AnchorCreation,1
1725866496880,AnchorCreation,0
1725866496915,AnchorCreation,0
1725866496947,AnchorCreation,0
1725866496983,AnchorCreation,0
1725866497015,AnchorCreation,0
1725866497047,AnchorCreation,0
1725866497079,AnchorCreation,0
1725866497116,AnchorCreation,0
1725866497146,AnchorCreation,0
1725866497180,AnchorCreation,0
1725866497213,AnchorCreation,0
1725866497248,AnchorCreation,0
1725866497278,AnchorCreation,0
1725866497316,AnchorCreation,0
1725866497346,AnchorCreation,0
1725866497378,AnchorCreation,0
1725866497413,AnchorCreation,0
1725866497447,AnchorCreation,1
1725866497480,AnchorCreation,0
1725866497512,AnchorCreation,1
1725866497546,AnchorCreation,0
1725866497579,AnchorCreation,0
1725866497613,AnchorCreation,0
1725866497647,AnchorCreation,0
1725866497679,AnchorCreation,0
1725866497711,AnchorCreation,0
1725866497747,AnchorCreation,0
1725866497777,AnchorCreation,0
1725866497815,AnchorCreation,0
1725866497846,AnchorCreation,0
1725866497878,AnchorCreation,0
1725866497910,AnchorCreation,0
1725866497946,AnchorCreation,0
1725866497981,AnchorCreation,0
1725866498010,AnchorCreation,0
1725866498044,AnchorCreation,0
1725866498079,AnchorCreation,0
1725866498112,AnchorCreation,0
1725866498145,AnchorCreation,0
1725866498178,AnchorCreation,0
1725866498211,AnchorCreation,0
1725866498245,AnchorCreation,0
1725866498279,AnchorCreation,0
1725866498311,AnchorCreation,0
1725866498345,AnchorCreation,0
1725866498378,AnchorCreation,0
1725866498411,AnchorCreation,0
1725866498445,AnchorCreation,0
1725866498479,AnchorCreation,1
1725866498510,AnchorCreation,0
1725866498544,AnchorCreation,1
1725866498578,AnchorCreation,0
1725866498611,AnchorCreation,0
1725866498644,AnchorCreation,0
1725866498678,AnchorCreation,0
1725866498709,AnchorCreation,0
1725866498748,AnchorCreation,0
1725866498777,AnchorCreation,0
1725866498809,AnchorCreation,0
1725866498844,AnchorCreation,0
1725866498880,AnchorCreation,0
1725866498909,AnchorCreation,0
1725866498944,AnchorCreation,0
1725866498979,AnchorCreation,0
1725866499009,AnchorCreation,0
1725866499043,AnchorCreation,1
1725866499076,AnchorCreation,0
1725866499110,AnchorCreation,0
1725866499144,AnchorCreation,0
1725866499176,AnchorCreation,0
1725866499210,AnchorCreation,0
1725866499244,AnchorCreation,0
1725866499277,AnchorCreation,0
1725866499313,AnchorCreation,0
1725866499344,AnchorCreation,0
1725866499378,AnchorCreation,0
1725866499410,AnchorCreation,0
1725866499443,AnchorCreation,0
1725866499477,AnchorCreation,1
1725866499508,AnchorCreation,0
1725866499541,AnchorCreation,0
1725866499576,AnchorCreation,0
1725866499610,AnchorCreation,0
1725866499642,AnchorCreation,0
1725866499677,AnchorCreation,0
1725866499707,AnchorCreation,1
1725866499744,AnchorCreation,1
1725866499776,AnchorCreation,0
1725866499809,AnchorCreation,0
1725866499843,AnchorCreation,0
1725866499874,AnchorCreation,0
1725866499909,AnchorCreation,0
1725866499942,AnchorCreation,0
1725866499977,AnchorCreation,0
1725866500008,AnchorCreation,0
1725866500040,AnchorCreation,0
1725866500076,AnchorCreation,0
1725866500109,AnchorCreation,1
1725866500142,AnchorCreation,0
1725866500176,AnchorCreation,0
1725866500207,AnchorCreation,0
1725866500243,AnchorCreation,0
1725866500274,AnchorCreation,0
1725866500308,AnchorCreation,0
1725866500341,AnchorCreation,0
1725866500375,AnchorCreation,1
1725866500407,AnchorCreation,0
1725866500440,AnchorCreation,0
1725866500475,AnchorCreation,0
1725866500508,AnchorCreation,0
1725866500540,AnchorCreation,0
1725866500574,AnchorCreation,0
1725866500610,AnchorCreation,1
1725866500641,AnchorCreation,0
1725866500674,AnchorCreation,0
1725866500706,AnchorCreation,0
1725866500742,AnchorCreation,0
1725866500774,AnchorCreation,1
1725866500808,AnchorCreation,0
1725866500839,AnchorCreation,0
1725866500873,AnchorCreation,0
1725866500908,AnchorCreation,0
1725866500941,AnchorCreation,0
1725866500976,AnchorCreation,0
1725866501006,AnchorCreation,0
1725866501041,AnchorCreation,0
1725866501076,AnchorCreation,1
1725866501107,AnchorCreation,1
1725866501139,AnchorCreation,0
1725866501172,AnchorCreation,0
1725866501207,AnchorCreation,0
1725866501240,AnchorCreation,0
1725866501274,AnchorCreation,0
1725866501306,AnchorCreation,1
1725866501339,AnchorCreation,0
1725866501372,AnchorCreation,0
1725866501407,AnchorCreation,1
1725866501440,AnchorCreation,0
1725866501472,AnchorCreation,0
1725866501505,AnchorCreation,0
1725866501538,AnchorCreation,0
1725866501573,AnchorCreation,0
1725866501606,AnchorCreation,0
1725866501640,AnchorCreation,0
1725866501670,AnchorCreation,0
1725866501705,AnchorCreation,0
1725866501742,AnchorCreation,0
1725866501773,AnchorCreation,0
1725866501805,AnchorCreation,0
1725866501838,AnchorCreation,0
1725866501873,AnchorCreation,0
1725866501907,AnchorCreation,0
1725866501937,AnchorCreation,0
1725866501973,AnchorCreation,0
1725866502006,AnchorCreation,0
1725866502040,AnchorCreation,0
1725866502072,AnchorCreation,0
1725866502107,AnchorCreation,0
1725866502137,AnchorCreation,0
1725866502170,AnchorCreation,0
1725866502204,AnchorCreation,0
1725866502238,AnchorCreation,0
1725866502270,AnchorCreation,0
1725866502303,AnchorCreation,0
1725866502338,AnchorCreation,0
1725866502369,AnchorCreation,0
1725866502405,AnchorCreation,0
1725866502437,AnchorCreation,0
1725866502472,AnchorCreation,0
1725866502504,AnchorCreation,0
1725866502537,AnchorCreation,0
1725866502570,AnchorCreation,0
1725866502604,AnchorCreation,0
1725866502637,AnchorCreation,0
1725866502670,AnchorCreation,0
1725866502703,AnchorCreation,0
1725866502739,AnchorCreation,0
1725866502769,AnchorCreation,0
1725866502802,AnchorCreation,0
1725866502836,AnchorCreation,0
1725866502874,AnchorCreation,0
1725866502902,AnchorCreation,0
1725866502937,AnchorCreation,0
1725866502977,AnchorCreation,0
1725866503003,AnchorCreation,0
1725866503036,AnchorCreation,0
1725866503070,AnchorCreation,0
1725866503103,AnchorCreation,0
1725866503138,AnchorCreation,1
1725866503168,AnchorCreation,0
1725866503203,AnchorCreation,0
1725866503237,AnchorCreation,0
1725866503269,AnchorCreation,1
1725866503302,AnchorCreation,0
1725866503335,AnchorCreation,0
1725866503369,AnchorCreation,0
1725866503401,AnchorCreation,0
1725866503436,AnchorCreation,0
1725866503472,AnchorCreation,0
1725866503502,AnchorCreation,0
1725866503536,AnchorCreation,0
1725866503569,AnchorCreation,0
1725866503602,AnchorCreation,0
1725866503634,AnchorCreation,0
1725866503669,AnchorCreation,0
1725866503701,AnchorCreation,1
1725866503735,AnchorCreation,0
1725866503769,AnchorCreation,0
1725866503801,AnchorCreation,0
1725866503837,AnchorCreation,0
1725866503868,AnchorCreation,0
1725866503899,AnchorCreation,0
1725866503934,AnchorCreation,0
1725866503970,AnchorCreation,0
1725866504002,AnchorCreation,0
1725866504035,AnchorCreation,0
1725866504066,AnchorCreation,1
1725866504101,AnchorCreation,0
1725866504135,AnchorCreation,0
1725866504168,AnchorCreation,1
1725866504201,AnchorCreation,0
1725866504236,AnchorCreation,0
1725866504266,AnchorCreation,0
1725866504301,AnchorCreation,0
1725866504334,AnchorCreation,0
1725866504368,AnchorCreation,0
1725866504401,AnchorCreation,0
1725866504434,AnchorCreation,0
1725866504469,AnchorCreation,0
1725866504501,AnchorCreation,0
1725866504533,AnchorCreation,0
1725866504567,AnchorCreation,0
1725866504600,AnchorCreation,0
1725866504632,AnchorCreation,0
1725866504666,AnchorCreation,0
1725866504699,AnchorCreation,0
1725866504732,AnchorCreation,0
1725866504766,AnchorCreation,0
1725866504807,AnchorCreation,0
1725866504833,AnchorCreation,0
1725866504866,AnchorCreation,0
1725866504900,AnchorCreation,0
1725866504931,AnchorCreation,0
1725866504969,AnchorCreation,0
1725866505001,AnchorCreation,0
1725866505032,AnchorCreation,0
1725866505067,AnchorCreation,0
1725866505099,AnchorCreation,0
1725866505131,AnchorCreation,0
1725866505165,AnchorCreation,0
1725866505199,AnchorCreation,0
1725866505231,AnchorCreation,0
1725866505266,AnchorCreation,1
1725866505298,AnchorCreation,0
1725866505332,AnchorCreation,0
1725866505364,AnchorCreation,0
1725866505402,AnchorCreation,1
1725866505432,AnchorCreation,0
1725866505467,AnchorCreation,0
1725866505499,AnchorCreation,0
1725866505530,AnchorCreation,0
1725866505563,AnchorCreation,0
1725866505599,AnchorCreation,0
1725866505630,AnchorCreation,0
1725866505663,AnchorCreation,0
1725866505699,AnchorCreation,0
1725866505729,AnchorCreation,0
1725866505763,AnchorCreation,0
1725866505798,AnchorCreation,0
1725866505829,AnchorCreation,0
1725866505863,AnchorCreation,0
1725866505898,AnchorCreation,0
1725866505931,AnchorCreation,0
1725866505966,AnchorCreation,0
1725866505999,AnchorCreation,0
1725866506031,AnchorCreation,0
1725866506063,AnchorCreation,0
1725866506097,AnchorCreation,0
1725866506131,AnchorCreation,0
1725866506164,AnchorCreation,0
1725866506198,AnchorCreation,0
1725866506230,AnchorCreation,0
1725866506262,AnchorCreation,0
1725866506297,AnchorCreation,0
1725866506330,AnchorCreation,0
1725866506361,AnchorCreation,0
1725866506398,AnchorCreation,0
1725866506430,AnchorCreation,1
1725866506462,AnchorCreation,0
1725866506497,AnchorCreation,1
1725866506530,AnchorCreation,1
1725866506561,AnchorCreation,0
1725866506597,AnchorCreation,0
1725866506630,AnchorCreation,0
1725866506661,AnchorCreation,0
1725866506698,AnchorCreation,0
1725866506728,AnchorCreation,0
1725866506761,AnchorCreation,0
1725866506796,AnchorCreation,1
1725866506829,AnchorCreation,1
1725866506861,AnchorCreation,0
1725866506896,AnchorCreation,0
1725866506930,AnchorCreation,0
1725866506960,AnchorCreation,1
1725866506997,AnchorCreation,0
1725866507048,AnchorCreation,1
1725866507063,AnchorCreation,0
1725866507097,AnchorCreation,0
1725866507130,AnchorCreation,1
1725866507160,AnchorCreation,0
1725866507196,AnchorCreation,0
1725866507228,AnchorCreation,1
1725866507260,AnchorCreation,0
1725866507297,AnchorCreation,0
1725866507328,AnchorCreation,0
1725866507360,AnchorCreation,0
1725866507394,AnchorCreation,1
1725866507427,AnchorCreation,1
1725866507461,AnchorCreation,0
1725866507495,AnchorCreation,0
1725866507527,AnchorCreation,0
1725866507560,AnchorCreation,0
1725866507593,AnchorCreation,0
1725866507628,AnchorCreation,0
1725866507661,AnchorCreation,0
1725866507692,AnchorCreation,0
1725866507727,AnchorCreation,0
1725866507761,AnchorCreation,0
1725866507795,AnchorCreation,0
1725866507826,AnchorCreation,1
1725866507860,AnchorCreation,0
1725866507892,AnchorCreation,1
1725866507927,AnchorCreation,0
1725866507960,AnchorCreation,0
1725866507994,AnchorCreation,1
1725866508024,AnchorCreation,0
1725866508059,AnchorCreation,0
1725866508092,AnchorCreation,1
1725866508125,AnchorCreation,0
1725866508159,AnchorCreation,0
1725866508191,AnchorCreation,0
1725866508226,AnchorCreation,0
1725866508259,AnchorCreation,1
1725866508293,AnchorCreation,0
1725866508326,AnchorCreation,0
1725866508360,AnchorCreation,0
1725866508392,AnchorCreation,0
1725866508427,AnchorCreation,0
1725866508459,AnchorCreation,0
1725866508493,AnchorCreation,1
1725866508525,AnchorCreation,0
1725866508558,AnchorCreation,0
1725866508591,AnchorCreation,0
1725866508625,AnchorCreation,0
1725866508658,AnchorCreation,0
1725866508695,AnchorCreation,0
1725866508726,AnchorCreation,0
1725866508759,AnchorCreation,0
1725866508791,AnchorCreation,0
1725866508825,AnchorCreation,0
1725866508858,AnchorCreation,1
1725866508892,AnchorCreation,0
1725866508925,AnchorCreation,0
1725866508959,AnchorCreation,0
1725866508993,AnchorCreation,0
1725866509025,AnchorCreation,0
1725866509059,AnchorCreation,0
1725866509092,AnchorCreation,0
1725866509125,AnchorCreation,0
1725866509158,AnchorCreation,0
1725866509192,AnchorCreation,0
1725866509223,AnchorCreation,0
1725866509257,AnchorCreation,0
1725866509291,AnchorCreation,0
1725866509323,AnchorCreation,0
1725866509357,AnchorCreation,0
1725866509393,AnchorCreation,0
1725866509424,AnchorCreation,0
1725866509456,AnchorCreation,0
1725866509491,AnchorCreation,0
1725866509524,AnchorCreation,0
1725866509556,AnchorCreation,0
1725866509591,AnchorCreation,0
1725866509622,AnchorCreation,0
1725866509657,AnchorCreation,0
1725866509690,AnchorCreation,0
1725866509722,AnchorCreation,0
1725866509758,AnchorCreation,0
1725866509791,AnchorCreation,0
1725866509824,AnchorCreation,0
1725866509856,AnchorCreation,0
1725866509890,AnchorCreation,0
1725866509922,AnchorCreation,0
1725866509957,AnchorCreation,0
1725866509990,AnchorCreation,0
1725866510022,AnchorCreation,0
1725866510054,AnchorCreation,0
1725866510090,AnchorCreation,0
1725866510123,AnchorCreation,0
1725866510155,AnchorCreation,0
1725866510190,AnchorCreation,0
1725866510221,AnchorCreation,0
1725866510254,AnchorCreation,0
1725866510289,AnchorCreation,0
1725866510321,AnchorCreation,0
1725866510354,AnchorCreation,0
1725866510390,AnchorCreation,0
1725866510422,AnchorCreation,0
1725866510456,AnchorCreation,0
1725866510496,AnchorCreation,0
1725866510521,AnchorCreation,0
1725866510555,AnchorCreation,0
1725866510589,AnchorCreation,0
1725866510623,AnchorCreation,0
1725866510653,AnchorCreation,0
1725866510689,AnchorCreation,0
1725866510723,AnchorCreation,0
1725866510755,AnchorCreation,0
1725866510788,AnchorCreation,0
1725866510821,AnchorCreation,0
1725866510855,AnchorCreation,0
1725866510889,AnchorCreation,0
1725866510923,AnchorCreation,0
1725866510953,AnchorCreation,0
1725866510989,AnchorCreation,0
1725866511021,AnchorCreation,0
1725866511054,AnchorCreation,0
1725866511091,AnchorCreation,0
1725866511122,AnchorCreation,0
1725866511153,AnchorCreation,0
1725866511188,AnchorCreation,0
1725866511221,AnchorCreation,0
1725866511253,AnchorCreation,0
1725866511288,AnchorCreation,0
1725866511320,AnchorCreation,0
1725866511354,AnchorCreation,0
1725866511387,AnchorCreation,0
1725866511421,AnchorCreation,0
1725866511452,AnchorCreation,0
1725866511488,AnchorCreation,0
1725866511519,AnchorCreation,0
1725866511553,AnchorCreation,0
1725866511587,AnchorCreation,0
1725866511620,AnchorCreation,0
1725866511653,AnchorCreation,0
1725866511687,AnchorCreation,0
1725866511719,AnchorCreation,0
1725866511752,AnchorCreation,0
1725866511786,AnchorCreation,0
1725866511819,AnchorCreation,0
1725866511851,AnchorCreation,0
1725866511887,AnchorCreation,0
1725866511919,AnchorCreation,1
1725866511952,AnchorCreation,0
1725866511987,AnchorCreation,0
1725866512021,AnchorCreation,0
1725866512052,AnchorCreation,0
1725866512084,AnchorCreation,1
1725866512120,AnchorCreation,0
1725866512150,AnchorCreation,0
1725866512184,AnchorCreation,0
1725866512219,AnchorCreation,0
1725866512250,AnchorCreation,0
1725866512284,AnchorCreation,0
1725866512318,AnchorCreation,0
1725866512352,AnchorCreation,0
1725866512385,AnchorCreation,0
1725866512419,AnchorCreation,0
1725866512451,AnchorCreation,0
1725866512487,AnchorCreation,0
1725866512518,AnchorCreation,0
1725866512551,AnchorCreation,0
1725866512584,AnchorCreation,0
1725866512618,AnchorCreation,0
1725866512651,AnchorCreation,0
1725866512684,AnchorCreation,0
1725866512719,AnchorCreation,0
1725866512750,AnchorCreation,0
1725866512783,AnchorCreation,0
1725866512818,AnchorCreation,0
1725866512851,AnchorCreation,0
1725866512887,AnchorCreation,0
1725866512918,AnchorCreation,0
1725866512951,AnchorCreation,0
1725866512985,AnchorCreation,0
1725866513017,AnchorCreation,0
1725866513049,AnchorCreation,1
1725866513082,AnchorCreation,0
1725866513117,AnchorCreation,0
1725866513150,AnchorCreation,0
1725866513181,AnchorCreation,0
1725866513218,AnchorCreation,0
1725866513251,AnchorCreation,0
1725866513287,AnchorCreation,0
1725866513317,AnchorCreation,0
1725866513350,AnchorCreation,0
1725866513381,AnchorCreation,0
1725866513416,AnchorCreation,0
1725866513449,AnchorCreation,0
1725866513484,AnchorCreation,0
1725866513515,AnchorCreation,0
1725866513549,AnchorCreation,0
1725866513585,AnchorCreation,0
1725866513615,AnchorCreation,0
1725866514364,AnchorCreation,1
1725866514368,AnchorCreation,0
1725866514384,AnchorCreation,0
1725866514417,AnchorCreation,0
1725866514448,AnchorCreation,0
1725866514483,AnchorCreation,1
1725866514515,AnchorCreation,0
1725866514547,AnchorCreation,0
1725866514582,AnchorCreation,0
1725866514615,AnchorCreation,0
1725866514648,AnchorCreation,0
1725866514682,AnchorCreation,0
1725866514715,AnchorCreation,0
1725866514748,AnchorCreation,0
1725866514781,AnchorCreation,0
1725866514813,AnchorCreation,0
1725866514847,AnchorCreation,1
1725866514880,AnchorCreation,0
1725866514913,AnchorCreation,0
1725866514947,AnchorCreation,0
1725866514982,AnchorCreation,1
1725866515013,AnchorCreation,0
1725866515045,AnchorCreation,0
1725866515080,AnchorCreation,0
1725866515112,AnchorCreation,0
1725866515147,AnchorCreation,0
1725866515181,AnchorCreation,0
1725866515223,AnchorCreation,0
1725866515246,AnchorCreation,0
1725866515279,AnchorCreation,0
1725866515313,AnchorCreation,0
1725866515345,AnchorCreation,0
1725866515386,AnchorCreation,0
1725866515413,AnchorCreation,0
1725866515444,AnchorCreation,0
1725866515482,AnchorCreation,0
1725866515513,AnchorCreation,0
1725866515545,AnchorCreation,0
1725866515579,AnchorCreation,0
1725866515611,AnchorCreation,0
1725866515645,AnchorCreation,0
1725866515679,AnchorCreation,0
1725866515713,AnchorCreation,0
1725866515746,AnchorCreation,0
1725866515779,AnchorCreation,0
1725866515813,AnchorCreation,0
1725866515844,AnchorCreation,0
1725866515880,AnchorCreation,0
1725866515912,AnchorCreation,0
1725866515946,AnchorCreation,0
1725866515986,AnchorCreation,0
1725866516013,AnchorCreation,0
1725866516046,AnchorCreation,0
1725866516085,AnchorCreation,0
1725866516111,AnchorCreation,0
1725866516144,AnchorCreation,0
1725866516177,AnchorCreation,0
1725866516211,AnchorCreation,0
1725866516243,AnchorCreation,1
1725866516278,AnchorCreation,0
1725866516311,AnchorCreation,0
1725866516342,AnchorCreation,0
1725866516383,AnchorCreation,0
1725866516411,AnchorCreation,0
1725866516442,AnchorCreation,0
1725866516479,AnchorCreation,0
1725866516511,AnchorCreation,1
1725866516543,AnchorCreation,0
1725866516578,AnchorCreation,0
1725866516611,AnchorCreation,0
1725866516643,AnchorCreation,0
1725866516677,AnchorCreation,0
1725866516712,AnchorCreation,0
1725866516742,AnchorCreation,0
1725866516776,AnchorCreation,0
1725866516812,AnchorCreation,0
1725866516842,AnchorCreation,0
1725866516877,AnchorCreation,0
1725866516912,AnchorCreation,0
1725866516942,AnchorCreation,0
1725866516987,AnchorCreation,0
1725866517015,AnchorCreation,0
1725866517043,AnchorCreation,0
1725866517078,AnchorCreation,0
1725866517111,AnchorCreation,0
1725866517143,AnchorCreation,0
1725866517176,AnchorCreation,0
1725866517210,AnchorCreation,1
1725866517242,AnchorCreation,0
1725866517278,AnchorCreation,0
1725866517311,AnchorCreation,0
1725866517341,AnchorCreation,1
1725866517390,AnchorCreation,0
1725866517410,AnchorCreation,0
1725866517442,AnchorCreation,1
1725866517478,AnchorCreation,0
1725866517515,AnchorCreation,0
1725866517541,AnchorCreation,0
1725866517575,AnchorCreation,0
1725866517614,AnchorCreation,0
1725866517645,AnchorCreation,0
1725866517675,AnchorCreation,1
1725866517709,AnchorCreation,0
1725866517743,AnchorCreation,0
1725866517779,AnchorCreation,0
1725866517816,AnchorCreation,0
1725866517841,AnchorCreation,0
1725866517874,AnchorCreation,0
1725866517909,AnchorCreation,0
1725866517942,AnchorCreation,0
1725866517975,AnchorCreation,0
1725866518009,AnchorCreation,0
1725866518039,AnchorCreation,0
1725866518073,AnchorCreation,0
1725866518108,AnchorCreation,0
1725866518141,AnchorCreation,0
1725866518173,AnchorCreation,0
1725866518208,AnchorCreation,1
1725866518241,AnchorCreation,0
1725866518272,AnchorCreation,0
1725866518307,AnchorCreation,0
1725866518340,AnchorCreation,0
1725866518374,AnchorCreation,0
1725866518406,AnchorCreation,0
1725866518441,AnchorCreation,0
1725866518500,AnchorCreation,0
1725866518529,AnchorCreation,0
1725866518547,AnchorCreation,0
1725866518584,AnchorCreation,0
1725866518612,AnchorCreation,0
1725866518642,AnchorCreation,0
1725866518675,AnchorCreation,0
1725866518706,AnchorCreation,0
1725866518739,AnchorCreation,0
1725866518777,AnchorCreation,0
1725866518813,AnchorCreation,0
1725866518839,AnchorCreation,0
1725866518871,AnchorCreation,0
1725866518906,AnchorCreation,0
1725866518938,AnchorCreation,0
1725866518973,AnchorCreation,0
1725866519010,AnchorCreation,1
1725866519039,AnchorCreation,0
1725866519078,AnchorCreation,0
1725866519107,AnchorCreation,0
1725866519137,AnchorCreation,0
1725866519171,AnchorCreation,0
1725866519205,AnchorCreation,0
1725866519238,AnchorCreation,0
1725866519271,AnchorCreation,0
1725866519304,AnchorCreation,0
1725866519338,AnchorCreation,1
1725866519372,AnchorCreation,0
1725866519405,AnchorCreation,1
1725866519438,AnchorCreation,0
1725866519472,AnchorCreation,0
1725866519507,AnchorCreation,0
1725866519537,AnchorCreation,0
1725866519576,AnchorCreation,0
1725866519606,AnchorCreation,0
1725866519638,AnchorCreation,0
1725866519671,AnchorCreation,0
1725866519707,AnchorCreation,0
1725866519738,AnchorCreation,0
1725866519771,AnchorCreation,0
1725866519804,AnchorCreation,0
1725866519838,AnchorCreation,0
1725866519871,AnchorCreation,0
1725866519904,AnchorCreation,0
1725866519937,AnchorCreation,0
1725866519972,AnchorCreation,0
1725866520008,AnchorCreation,1
1725866520038,AnchorCreation,0
1725866520071,AnchorCreation,0
1725866520104,AnchorCreation,0
1725866520137,AnchorCreation,0
1725866520170,AnchorCreation,1
1725866520203,AnchorCreation,0
1725866520238,AnchorCreation,0
1725866520271,AnchorCreation,1
1725866520303,AnchorCreation,0
1725866520336,AnchorCreation,0
1725866520370,AnchorCreation,0
1725866520404,AnchorCreation,0
1725866520438,AnchorCreation,1
1725866520469,AnchorCreation,0
1725866520504,AnchorCreation,1
1725866520535,AnchorCreation,0
1725866520569,AnchorCreation,0
1725866520604,AnchorCreation,1
1725866520636,AnchorCreation,0
1725866520672,AnchorCreation,0
1725866520703,AnchorCreation,0
1725866520736,AnchorCreation,0
1725866520769,AnchorCreation,0
1725866520804,AnchorCreation,0
1725866520837,AnchorCreation,0
1725866520870,AnchorCreation,0
1725866520903,AnchorCreation,0
1725866520935,AnchorCreation,0
1725866520970,AnchorCreation,0
1725866521006,AnchorCreation,0
1725866521035,AnchorCreation,0
1725866521067,AnchorCreation,0
1725866521102,AnchorCreation,0
1725866521137,AnchorCreation,0
1725866521168,AnchorCreation,0
1725866521202,AnchorCreation,0
1725866521234,AnchorCreation,0
1725866521270,AnchorCreation,0
1725866521300,AnchorCreation,0
1725866521333,AnchorCreation,0
1725866521368,AnchorCreation,0
1725866521401,AnchorCreation,1
1725866521433,AnchorCreation,1
1725866521469,AnchorCreation,0
1725866521503,AnchorCreation,1
1725866521532,AnchorCreation,0
1725866521568,AnchorCreation,0
1725866521602,AnchorCreation,0
1725866521633,AnchorCreation,0
1725866521669,AnchorCreation,0
1725866521702,AnchorCreation,0
1725866521735,AnchorCreation,0
1725866521767,AnchorCreation,0
1725866521800,AnchorCreation,0
1725866521838,AnchorCreation,0
1725866521867,AnchorCreation,0
1725866521902,AnchorCreation,0
1725866521934,AnchorCreation,0
1725866521967,AnchorCreation,0
1725866522001,AnchorCreation,1
1725866522033,AnchorCreation,0
1725866522069,AnchorCreation,0
1725866522099,AnchorCreation,0
1725866522132,AnchorCreation,0
1725866522166,AnchorCreation,0
1725866522200,AnchorCreation,0
1725866522233,AnchorCreation,0
1725866522266,AnchorCreation,0
1725866522300,AnchorCreation,0
1725866522333,AnchorCreation,0
1725866522366,AnchorCreation,0
1725866522399,AnchorCreation,0
1725866522433,AnchorCreation,0
1725866522467,AnchorCreation,0
1725866522501,AnchorCreation,0
1725866522531,AnchorCreation,0
1725866522565,AnchorCreation,0
1725866522599,AnchorCreation,0
1725866522633,AnchorCreation,0
1725866522666,AnchorCreation,1
1725866522699,AnchorCreation,0
1725866522732,AnchorCreation,1
1725866522764,AnchorCreation,0
1725866522798,AnchorCreation,0
1725866522831,AnchorCreation,0
1725866522864,AnchorCreation,0
1725866522899,AnchorCreation,0
1725866522932,AnchorCreation,0
1725866522965,AnchorCreation,1
1725866523006,AnchorCreation,1
1725866523031,AnchorCreation,0
1725866523063,AnchorCreation,0
1725866523097,AnchorCreation,0
1725866523131,AnchorCreation,0
1725866523163,AnchorCreation,0
1725866523197,AnchorCreation,0
1725866523232,AnchorCreation,0
1725866523264,AnchorCreation,0
1725866523298,AnchorCreation,0
1725866523331,AnchorCreation,0
1725866523372,AnchorCreation,0
1725866523399,AnchorCreation,0
1725866523430,AnchorCreation,0
1725866523465,AnchorCreation,0
1725866523499,AnchorCreation,0
1725866523530,AnchorCreation,0
1725866523565,AnchorCreation,0
1725866523599,AnchorCreation,0
1725866559391,PositionUpdate,6
1725866559430,PositionUpdate,7
1725866559483,PositionUpdate,6
1725866559517,PositionUpdate,3
1725866559556,PositionUpdate,3
1725866559587,PositionUpdate,6
1725866559614,PositionUpdate,9
1725866559635,PositionUpdate,11
1725866559669,PositionUpdate,4
1725866559694,PositionUpdate,8
1725866559730,PositionUpdate,9
1725866559764,PositionUpdate,11
1725866559789,PositionUpdate,6
1725866559824,PositionUpdate,8
1725866559860,PositionUpdate,11
1725866559886,PositionUpdate,5
1725866559922,PositionUpdate,6
1725866559957,PositionUpdate,7
1725866559989,PositionUpdate,6
1725866560028,PositionUpdate,6
1725866560057,PositionUpdate,5
1725866560088,PositionUpdate,6
1725866560122,PositionUpdate,6
1725866560161,PositionUpdate,13
1725866560193,PositionUpdate,10
1725866560230,PositionUpdate,0
1725866560261,PositionUpdate,11
1725866560296,PositionUpdate,13
1725866560329,PositionUpdate,12
1725866560361,PositionUpdate,12
1725866560395,PositionUpdate,2
1725866560427,PositionUpdate,13
1725866560464,PositionUpdate,3
1725866560495,PositionUpdate,14
1725866560538,PositionUpdate,6
1725866560567,PositionUpdate,15
1725866560601,PositionUpdate,7
1725866560628,PositionUpdate,14
1725866560661,PositionUpdate,1
1725866560695,PositionUpdate,3
1725866560723,PositionUpdate,11
1725866560761,PositionUpdate,1
1725866560794,PositionUpdate,3
1725866560823,PositionUpdate,12
1725866560859,PositionUpdate,10
1725866560898,PositionUpdate,6
1725866560924,PositionUpdate,13
1725866560958,PositionUpdate,12
1725866560996,PositionUpdate,17
1725866561095,PositionUpdate,5
1725866561123,PositionUpdate,12
1725866561159,PositionUpdate,13
1725866561192,PositionUpdate,12
1725866561225,PositionUpdate,11
1725866561261,PositionUpdate,2
1725866561290,PositionUpdate,12
1725866561323,PositionUpdate,11
1725866561362,PositionUpdate,4
1725866561388,PositionUpdate,10
1725866572511,AnchorCreation,1
1725866572542,AnchorCreation,0
1725866572582,AnchorCreation,1
1725866572594,PositionUpdate,13
1725866572607,AnchorCreation,0
1725866572647,AnchorCreation,0
1725866572676,AnchorCreation,1
1725866572703,AnchorCreation,0
1725866572708,AnchorCreation,0
1725866572740,AnchorCreation,0
1725866572772,AnchorCreation,0
1725866572804,AnchorCreation,0
1725866572839,AnchorCreation,0
1725866572871,AnchorCreation,0
1725866572904,AnchorCreation,1
1725866572939,AnchorCreation,0
1725866572975,AnchorCreation,0
1725866573006,AnchorCreation,0
1725866573038,AnchorCreation,0
1725866573070,AnchorCreation,0
1725866573104,AnchorCreation,1
1725866573138,AnchorCreation,0
1725866573171,AnchorCreation,0
1725866573203,AnchorCreation,0
1725866573238,AnchorCreation,0
1725866573272,AnchorCreation,0
1725866573302,AnchorCreation,0
1725866573337,AnchorCreation,0
1725866573370,AnchorCreation,0
1725866573401,AnchorCreation,0
1725866573436,AnchorCreation,0
1725866573472,AnchorCreation,1
1725866573505,AnchorCreation,0
1725866573541,AnchorCreation,0
1725866573571,AnchorCreation,0
1725866573603,AnchorCreation,0
1725866573637,AnchorCreation,0
1725866573670,AnchorCreation,0
1725866573702,AnchorCreation,0
1725866573736,AnchorCreation,0
1725866573770,AnchorCreation,0
1725866573802,AnchorCreation,0
1725866573836,AnchorCreation,0
1725866573869,AnchorCreation,0
1725866573902,AnchorCreation,0
1725866573936,AnchorCreation,0
1725866573970,AnchorCreation,0
1725866574004,AnchorCreation,0
1725866574034,AnchorCreation,0
1725866574067,AnchorCreation,0
1725866574102,AnchorCreation,0
1725866574136,AnchorCreation,0
1725866574168,AnchorCreation,0
1725866574201,AnchorCreation,0
1725866574234,AnchorCreation,0
1725866574269,AnchorCreation,0
1725866574301,AnchorCreation,0
1725866574334,AnchorCreation,1
1725866574368,AnchorCreation,0
1725866574401,AnchorCreation,0
1725866574434,AnchorCreation,0
1725866574470,AnchorCreation,0
1725866574503,AnchorCreation,0
1725866574535,AnchorCreation,1
1725866574542,PositionUpdate,7
1725866574568,AnchorCreation,1
1725866574600,AnchorCreation,0
1725866574637,AnchorCreation,0
1725866574668,AnchorCreation,0
1725866574701,AnchorCreation,0
1725866574733,AnchorCreation,0
1725866574768,AnchorCreation,1
1725866574801,AnchorCreation,1
1725866574833,AnchorCreation,0
1725866574869,AnchorCreation,0
1725866574900,AnchorCreation,0
1725866574935,AnchorCreation,0
1725866574969,AnchorCreation,0
1725866575008,AnchorCreation,0
1725866575038,AnchorCreation,0
1725866575066,AnchorCreation,0
1725866575103,AnchorCreation,0
1725866575136,AnchorCreation,0
1725866575167,AnchorCreation,0
1725866575201,AnchorCreation,0
1725866575231,AnchorCreation,0
1725866575266,AnchorCreation,0
1725866575298,AnchorCreation,1
1725866575332,AnchorCreation,0
1725866575366,AnchorCreation,0
1725866575400,AnchorCreation,0
1725866575433,AnchorCreation,0
1725866575467,AnchorCreation,0
1725866575500,AnchorCreation,0
1725866575532,AnchorCreation,0
1725866575565,AnchorCreation,0
1725866575599,AnchorCreation,0
1725866575633,AnchorCreation,0
1725866575664,AnchorCreation,0
1725866575699,AnchorCreation,1
1725866575741,AnchorCreation,0
1725866575766,AnchorCreation,0
1725866575798,AnchorCreation,0
1725866575831,AnchorCreation,0
1725866575864,AnchorCreation,0
1725866575898,AnchorCreation,0
1725866575932,AnchorCreation,0
1725866575966,AnchorCreation,0
1725866575999,AnchorCreation,0
1725866576030,AnchorCreation,0
1725866576063,AnchorCreation,1
1725866576097,AnchorCreation,0
1725866576131,AnchorCreation,0
1725866576164,AnchorCreation,0
1725866576198,AnchorCreation,0
1725866576231,AnchorCreation,0
1725866576263,AnchorCreation,0
1725866576297,AnchorCreation,1
1725866576330,AnchorCreation,0
1725866576362,AnchorCreation,1
1725866576398,AnchorCreation,0
1725866576430,AnchorCreation,0
1725866576463,AnchorCreation,0
1725866576497,AnchorCreation,0
1725866576530,AnchorCreation,0
1725866576562,AnchorCreation,0
1725866576597,AnchorCreation,0
1725866576631,AnchorCreation,0
1725866576664,AnchorCreation,0
1725866576697,AnchorCreation,0
1725866595535,PositionUpdate,5
1725866595553,PositionUpdate,7
1725866595589,PositionUpdate,10
1725866595621,PositionUpdate,6
1725866595645,PositionUpdate,7
1725866595674,PositionUpdate,9
1725866595703,PositionUpdate,5
1725866595737,PositionUpdate,6
1725866595776,PositionUpdate,11
1725866595803,PositionUpdate,5
1725866595836,PositionUpdate,6
1725866595869,PositionUpdate,7
1725866595904,PositionUpdate,6
1725866595935,PositionUpdate,6
1725866595973,PositionUpdate,9
1725866596005,PositionUpdate,6
1725866596036,PositionUpdate,6
1725866596069,PositionUpdate,7
1725866596103,PositionUpdate,6
1725866596135,PositionUpdate,6
1725866596171,PositionUpdate,8
1725866596208,PositionUpdate,6
1725866596243,PositionUpdate,7
1725866596275,PositionUpdate,8
1725866596311,PositionUpdate,6
1725866596340,PositionUpdate,6
1725866596375,PositionUpdate,6
1725866596411,PositionUpdate,6
1725866636057,PositionUpdate,5
1725866636083,PositionUpdate,10
1725866636122,PositionUpdate,3
1725866636150,PositionUpdate,9
1725866636184,PositionUpdate,12
1725866636214,PositionUpdate,8
1725866636248,PositionUpdate,9
1725866636277,PositionUpdate,6
1725866636311,PositionUpdate,7
1725866636343,PositionUpdate,6
1725866645354,PositionUpdate,9
1725866645382,PositionUpdate,12
1725866645395,PositionUpdate,12
1725866645415,PositionUpdate,6
1725866645448,PositionUpdate,8
1725866645488,PositionUpdate,12
1725866645529,PositionUpdate,13
1725866645556,PositionUpdate,6
1725866645584,PositionUpdate,7
1725866645616,PositionUpdate,7
1725866645650,PositionUpdate,7
1725866645684,PositionUpdate,7
1725866645716,PositionUpdate,7
1725866645751,PositionUpdate,5
1725866645788,PositionUpdate,8
1725866645818,PositionUpdate,7
1725866645850,PositionUpdate,8
1725866645889,PositionUpdate,7
1725866645915,PositionUpdate,6
1725866645947,PositionUpdate,7
1725866645980,PositionUpdate,6
1725866646021,PositionUpdate,10
1725866646055,PositionUpdate,6
1725866646082,PositionUpdate,8
1725866646119,PositionUpdate,8
1725866646158,PositionUpdate,10
1725866646241,PositionUpdate,12
1725866646259,PositionUpdate,7
1725866646294,PositionUpdate,1
1725866646330,PositionUpdate,12
1725866646379,PositionUpdate,5
1725866646429,PositionUpdate,22
1725866646452,PositionUpdate,11
1725866646544,PositionUpdate,8
1725866646555,PositionUpdate,19
1725866646567,PositionUpdate,31
1725866646612,PositionUpdate,4
1725866646644,PositionUpdate,9
1725866646667,PositionUpdate,10
1725866646707,PositionUpdate,5
1725866646737,PositionUpdate,2
1725866646774,PositionUpdate,8
1725866646807,PositionUpdate,14
1725866646840,PositionUpdate,4
